{
	"credit": "Made with Blockbench",
	"texture_size": [32, 32],
	"textures": {
		"0": "escape:item/adrenaline_syringe",
		"particle": "escape:item/adrenaline_syringe"
	},
	"elements": [
		{
			"name": "bottom",
			"from": [6, 0, 6.5],
			"to": [10, 1, 9.5],
			"rotation": {"angle": 0, "axis": "y", "origin": [6, 0, 6.5]},
			"faces": {
				"north": {"uv": [5.5, 3.5, 7.5, 4], "texture": "#0"},
				"east": {"uv": [6.5, 2, 8, 2.5], "texture": "#0"},
				"south": {"uv": [5.5, 4, 7.5, 4.5], "texture": "#0"},
				"west": {"uv": [6.5, 2.5, 8, 3], "texture": "#0"},
				"up": {"uv": [2, 5.5, 0, 4], "texture": "#0"},
				"down": {"uv": [6, 0, 4, 1.5], "texture": "#0"}
			}
		},
		{
			"name": "handle",
			"from": [7, 1, 7],
			"to": [9, 5, 9],
			"rotation": {"angle": 0, "axis": "y", "origin": [7, 1, 7]},
			"faces": {
				"north": {"uv": [0, 5.5, 1, 7.5], "texture": "#0"},
				"east": {"uv": [1, 5.5, 2, 7.5], "texture": "#0"},
				"south": {"uv": [5.5, 1.5, 6.5, 3.5], "texture": "#0"},
				"west": {"uv": [2, 5.5, 3, 7.5], "texture": "#0"},
				"up": {"uv": [6.5, 5.5, 5.5, 4.5], "texture": "#0"},
				"down": {"uv": [6.5, 5.5, 5.5, 6.5], "texture": "#0"}
			}
		},
		{
			"name": "bottom",
			"from": [5, 3, 7.5],
			"to": [7, 4, 8.5],
			"rotation": {"angle": 0, "axis": "y", "origin": [6, 3, 7.5]},
			"faces": {
				"north": {"uv": [6.5, 5.5, 7.5, 6], "texture": "#0"},
				"east": {"uv": [3, 6, 3.5, 6.5], "texture": "#0"},
				"south": {"uv": [6.5, 6, 7.5, 6.5], "texture": "#0"},
				"west": {"uv": [3, 6.5, 3.5, 7], "texture": "#0"},
				"up": {"uv": [8, 0.5, 7, 0], "texture": "#0"},
				"down": {"uv": [8, 0.5, 7, 1], "texture": "#0"}
			}
		},
		{
			"name": "handle",
			"from": [5, 5, 7.5],
			"to": [6.5, 6, 8.5],
			"rotation": {"angle": 0, "axis": "y", "origin": [6, 5, 7.5]},
			"faces": {
				"north": {"uv": [7, 7, 8, 7.5], "texture": "#0"},
				"east": {"uv": [8, 0.5, 8.5, 1], "texture": "#0"},
				"south": {"uv": [0, 7.5, 1, 8], "texture": "#0"},
				"west": {"uv": [1, 8, 1.5, 8.5], "texture": "#0"},
				"up": {"uv": [2, 8, 1, 7.5], "texture": "#0"},
				"down": {"uv": [8.5, 1, 7.5, 1.5], "texture": "#0"}
			}
		},
		{
			"name": "top",
			"from": [5, 4, 7.5],
			"to": [6, 5, 8.5],
			"rotation": {"angle": 0, "axis": "y", "origin": [6, 4, 7.5]},
			"faces": {
				"north": {"uv": [3, 7, 3.5, 7.5], "texture": "#0"},
				"east": {"uv": [3, 7.5, 3.5, 8], "texture": "#0"},
				"south": {"uv": [7.5, 4, 8, 4.5], "texture": "#0"},
				"west": {"uv": [5, 7.5, 5.5, 8], "texture": "#0"},
				"up": {"uv": [6, 8, 5.5, 7.5], "texture": "#0"},
				"down": {"uv": [8, 5.5, 7.5, 6], "texture": "#0"}
			}
		},
		{
			"name": "bottom",
			"from": [9, 3, 7.5],
			"to": [11, 4, 8.5],
			"rotation": {"angle": 0, "axis": "y", "origin": [10, 3, 7.5]},
			"faces": {
				"north": {"uv": [4, 7, 5, 7.5], "texture": "#0"},
				"east": {"uv": [6, 7.5, 6.5, 8], "texture": "#0"},
				"south": {"uv": [5, 7, 6, 7.5], "texture": "#0"},
				"west": {"uv": [7.5, 6, 8, 6.5], "texture": "#0"},
				"up": {"uv": [7, 7.5, 6, 7], "texture": "#0"},
				"down": {"uv": [8, 6.5, 7, 7], "texture": "#0"}
			}
		},
		{
			"name": "top",
			"from": [9.5, 5, 7.5],
			"to": [11, 6, 8.5],
			"rotation": {"angle": 0, "axis": "y", "origin": [10, 5, 7.5]},
			"faces": {
				"north": {"uv": [7.5, 1.5, 8.5, 2], "texture": "#0"},
				"east": {"uv": [1.5, 8, 2, 8.5], "texture": "#0"},
				"south": {"uv": [2, 7.5, 3, 8], "texture": "#0"},
				"west": {"uv": [2, 8, 2.5, 8.5], "texture": "#0"},
				"up": {"uv": [8.5, 4, 7.5, 3.5], "texture": "#0"},
				"down": {"uv": [5, 7.5, 4, 8], "texture": "#0"}
			}
		},
		{
			"name": "handle",
			"from": [10, 4, 7.5],
			"to": [11, 5, 8.5],
			"rotation": {"angle": 0, "axis": "y", "origin": [11, 4, 7.5]},
			"faces": {
				"north": {"uv": [6.5, 7.5, 7, 8], "texture": "#0"},
				"east": {"uv": [7, 7.5, 7.5, 8], "texture": "#0"},
				"south": {"uv": [7.5, 7.5, 8, 8], "texture": "#0"},
				"west": {"uv": [0, 8, 0.5, 8.5], "texture": "#0"},
				"up": {"uv": [8.5, 0.5, 8, 0], "texture": "#0"},
				"down": {"uv": [1, 8, 0.5, 8.5], "texture": "#0"}
			}
		},
		{
			"name": "bottom",
			"from": [6.5, 5, 6.5],
			"to": [9.5, 6, 9.5],
			"rotation": {"angle": 0, "axis": "y", "origin": [6.5, 5, 6.5]},
			"faces": {
				"north": {"uv": [6.5, 3, 8, 3.5], "texture": "#0"},
				"east": {"uv": [6.5, 4.5, 8, 5], "texture": "#0"},
				"south": {"uv": [6.5, 5, 8, 5.5], "texture": "#0"},
				"west": {"uv": [5.5, 6.5, 7, 7], "texture": "#0"},
				"up": {"uv": [5.5, 3, 4, 1.5], "texture": "#0"},
				"down": {"uv": [3.5, 4, 2, 5.5], "texture": "#0"}
			}
		},
		{
			"name": "handle",
			"from": [7, 6, 7],
			"to": [9, 14, 9],
			"rotation": {"angle": 0, "axis": "y", "origin": [7, 6, 7]},
			"faces": {
				"north": {"uv": [0, 0, 1, 4], "texture": "#0"},
				"east": {"uv": [1, 0, 2, 4], "texture": "#0"},
				"south": {"uv": [2, 0, 3, 4], "texture": "#0"},
				"west": {"uv": [3, 0, 4, 4], "texture": "#0"},
				"up": {"uv": [7, 1, 6, 0], "texture": "#0"},
				"down": {"uv": [7.5, 1, 6.5, 2], "texture": "#0"}
			}
		},
		{
			"name": "needle",
			"from": [7.5, 14, 7.5],
			"to": [8.5, 22, 8.5],
			"rotation": {"angle": 0, "axis": "y", "origin": [7.5, 14, 7.5]},
			"faces": {
				"north": {"uv": [4, 3, 4.5, 7], "texture": "#0"},
				"east": {"uv": [3.5, 4, 4, 8], "texture": "#0"},
				"south": {"uv": [4.5, 3, 5, 7], "texture": "#0"},
				"west": {"uv": [5, 3, 5.5, 7], "texture": "#0"},
				"up": {"uv": [3.5, 6, 3, 5.5], "texture": "#0"},
				"down": {"uv": [6.5, 1, 6, 1.5], "texture": "#0"}
			}
		}
	],
	"display": {
		"thirdperson_righthand": {
			"translation": [0, 2, 0],
			"scale": [0.25, 0.25, 0.25]
		},
		"thirdperson_lefthand": {
			"translation": [0, 2, 0],
			"scale": [0.25, 0.25, 0.25]
		},
		"firstperson_righthand": {
			"translation": [0, 3, 0],
			"scale": [0.25, 0.25, 0.25]
		},
		"firstperson_lefthand": {
			"translation": [0, 2, 0],
			"scale": [0.25, 0.25, 0.25]
		},
		"ground": {
			"translation": [0, 5, 0],
			"scale": [0.5, 0.5, 0.5]
		},
		"gui": {
			"rotation": [22.5, 45, 0],
			"translation": [0, -1.75, 0],
			"scale": [0.675, 0.675, 0.675]
		},
		"fixed": {
			"translation": [0, -2.5, 0],
			"scale": [0.75, 0.75, 0.75]
		}
	},
	"groups": [
		0,
		1,
		{
			"name": "ring",
			"origin": [7, 1, 7],
			"color": 0,
			"children": [2, 3, 4]
		},
		{
			"name": "ring",
			"origin": [7, 1, 7],
			"color": 0,
			"children": [5, 6, 7]
		},
		{
			"name": "syringe",
			"origin": [7, 6, 7],
			"color": 0,
			"children": [8, 9, 10]
		}
	]
}