{
	"credit": "Made with Blockbench",
	"texture_size": [32, 32],
	"textures": {
		"0": "escape:item/bandage",
		"particle": "escape:item/bandage"
	},
	"elements": [
		{
			"name": "bandage",
			"from": [5, 0, 5],
			"to": [11, 8, 11],
			"rotation": {"angle": 0, "axis": "y", "origin": [5, 0, 5]},
			"faces": {
				"north": {"uv": [0, 0, 3, 4], "texture": "#0"},
				"east": {"uv": [3, 0, 6, 4], "texture": "#0"},
				"south": {"uv": [0, 4, 3, 8], "texture": "#0"},
				"west": {"uv": [3, 4, 6, 8], "texture": "#0"},
				"up": {"uv": [9, 3, 6, 0], "texture": "#0"},
				"down": {"uv": [9, 3, 6, 6], "texture": "#0"}
			}
		}
	],
	"display": {
		"thirdperson_righthand": {
			"translation": [0, 4, 0],
			"scale": [0.5, 0.5, 0.5]
		},
		"thirdperson_lefthand": {
			"translation": [0, 4, 0],
			"scale": [0.5, 0.5, 0.5]
		},
		"firstperson_righthand": {
			"translation": [0, 6, 0],
			"scale": [0.5, 0.5, 0.5]
		},
		"firstperson_lefthand": {
			"translation": [0, 6, 0],
			"scale": [0.5, 0.5, 0.5]
		},
		"ground": {
			"translation": [0, 5, 0],
			"scale": [0.75, 0.75, 0.75]
		},
		"gui": {
			"rotation": [22.5, 45, 0],
			"translation": [0, 3, 0]
		},
		"fixed": {
			"translation": [0, 5, -3],
			"scale": [1.5, 1.5, 1.5]
		}
	}
}