{
	"credit": "Made with Blockbench",
	"texture_size": [32, 32],
	"textures": {
		"0": "escape:item/bullet",
		"particle": "escape:item/bullet"
	},
	"elements": [
		{
			"name": "outer",
			"from": [6, 0, 6],
			"to": [10, 8, 10],
			"rotation": {"angle": 0, "axis": "y", "origin": [7, 0, 7]},
			"faces": {
				"north": {"uv": [0, 0, 2, 4], "texture": "#0"},
				"east": {"uv": [2, 0, 4, 4], "texture": "#0"},
				"south": {"uv": [0, 4, 2, 8], "texture": "#0"},
				"west": {"uv": [4, 0, 6, 4], "texture": "#0"},
				"up": {"uv": [4, 6, 2, 4], "texture": "#0"},
				"down": {"uv": [6, 4, 4, 6], "texture": "#0"}
			}
		},
		{
			"name": "middle",
			"from": [6.5, 0, 6.5],
			"to": [9.5, 12, 9.5],
			"rotation": {"angle": 0, "axis": "y", "origin": [7.5, 0, 7.5]},
			"faces": {
				"north": {"uv": [6, 0, 7.5, 6], "texture": "#0"},
				"east": {"uv": [2, 6, 3.5, 12], "texture": "#0"},
				"south": {"uv": [3.5, 6, 5, 12], "texture": "#0"},
				"west": {"uv": [5, 6, 6.5, 12], "texture": "#0"},
				"up": {"uv": [8, 7.5, 6.5, 6], "texture": "#0"},
				"down": {"uv": [9, 0, 7.5, 1.5], "texture": "#0"}
			}
		},
		{
			"name": "inner",
			"from": [7, 0, 7],
			"to": [9, 16, 9],
			"rotation": {"angle": 0, "axis": "y", "origin": [7.5, 0, 7.5]},
			"faces": {
				"north": {"uv": [6.5, 7.5, 7.5, 15.5], "texture": "#0"},
				"east": {"uv": [7.5, 7.5, 8.5, 15.5], "texture": "#0"},
				"south": {"uv": [0, 8, 1, 16], "texture": "#0"},
				"west": {"uv": [1, 8, 2, 16], "texture": "#0"},
				"up": {"uv": [8.5, 2.5, 7.5, 1.5], "texture": "#0"},
				"down": {"uv": [8.5, 2.5, 7.5, 3.5], "texture": "#0"}
			}
		}
	],
	"display": {
		"thirdperson_righthand": {
			"translation": [0, 2, 1],
			"scale": [0.25, 0.25, 0.25]
		},
		"thirdperson_lefthand": {
			"translation": [0, 2, 1],
			"scale": [0.25, 0.25, 0.25]
		},
		"firstperson_righthand": {
			"translation": [0, 2, 0],
			"scale": [0.25, 0.25, 0.25]
		},
		"firstperson_lefthand": {
			"translation": [0, 2, 0],
			"scale": [0.25, 0.25, 0.25]
		},
		"ground": {
			"translation": [0, 3, 0],
			"scale": [0.25, 0.25, 0.25]
		},
		"gui": {
			"rotation": [22.5, 45, 0],
			"scale": [0.75, 0.75, 0.75]
		},
		"fixed": {
			"scale": [0.5, 0.5, 0.5]
		}
	}
}