{
	"credit": "Made with Blockbench",
	"texture_size": [64, 64],
	"textures": {
		"0": "escape:item/energy_drink",
		"particle": "escape:item/energy_drink"
	},
	"elements": [
		{
			"name": "bottom",
			"from": [5, 0, 5],
			"to": [11, 1, 11],
			"rotation": {"angle": 0, "axis": "y", "origin": [5, 0, 5]},
			"faces": {
				"north": {"uv": [6.5, 6.5, 8, 6.75], "texture": "#0"},
				"east": {"uv": [6.75, 0, 8.25, 0.25], "texture": "#0"},
				"south": {"uv": [6.75, 0.25, 8.25, 0.5], "texture": "#0"},
				"west": {"uv": [6.75, 0.5, 8.25, 0.75], "texture": "#0"},
				"up": {"uv": [4.5, 7, 3, 5.5], "texture": "#0"},
				"down": {"uv": [6, 5.5, 4.5, 7], "texture": "#0"}
			}
		},
		{
			"name": "west",
			"from": [4, 1, 5],
			"to": [5, 12, 11],
			"rotation": {"angle": 0, "axis": "y", "origin": [4, 1, 5]},
			"faces": {
				"north": {"uv": [6, 0, 6.25, 2.75], "texture": "#0"},
				"east": {"uv": [0, 0, 1.5, 2.75], "texture": "#0"},
				"south": {"uv": [6, 2.75, 6.25, 5.5], "texture": "#0"},
				"west": {"uv": [1.5, 0, 3, 2.75], "texture": "#0"},
				"up": {"uv": [7, 2.25, 6.75, 0.75], "texture": "#0"},
				"down": {"uv": [7, 2.25, 6.75, 3.75], "texture": "#0"}
			}
		},
		{
			"name": "east",
			"from": [11, 1, 5],
			"to": [12, 12, 11],
			"rotation": {"angle": 0, "axis": "y", "origin": [11, 1, 5]},
			"faces": {
				"north": {"uv": [6, 5.5, 6.25, 8.25], "texture": "#0"},
				"east": {"uv": [0, 2.75, 1.5, 5.5], "texture": "#0"},
				"south": {"uv": [6.25, 0, 6.5, 2.75], "texture": "#0"},
				"west": {"uv": [1.5, 2.75, 3, 5.5], "texture": "#0"},
				"up": {"uv": [7, 5.25, 6.75, 3.75], "texture": "#0"},
				"down": {"uv": [6.75, 6.75, 6.5, 8.25], "texture": "#0"}
			}
		},
		{
			"name": "north",
			"from": [5, 1, 4],
			"to": [11, 12, 5],
			"rotation": {"angle": 0, "axis": "y", "origin": [5, 1, 4]},
			"faces": {
				"north": {"uv": [3, 0, 4.5, 2.75], "texture": "#0"},
				"east": {"uv": [6.25, 2.75, 6.5, 5.5], "texture": "#0"},
				"south": {"uv": [3, 2.75, 4.5, 5.5], "texture": "#0"},
				"west": {"uv": [6.25, 5.5, 6.5, 8.25], "texture": "#0"},
				"up": {"uv": [8.25, 5.5, 6.75, 5.25], "texture": "#0"},
				"down": {"uv": [8.25, 6.75, 6.75, 7], "texture": "#0"}
			}
		},
		{
			"name": "south",
			"from": [5, 1, 11],
			"to": [11, 12, 12],
			"rotation": {"angle": 0, "axis": "y", "origin": [5, 1, 11]},
			"faces": {
				"north": {"uv": [4.5, 0, 6, 2.75], "texture": "#0"},
				"east": {"uv": [6.5, 0, 6.75, 2.75], "texture": "#0"},
				"south": {"uv": [4.5, 2.75, 6, 5.5], "texture": "#0"},
				"west": {"uv": [6.5, 2.75, 6.75, 5.5], "texture": "#0"},
				"up": {"uv": [1.5, 7.25, 0, 7], "texture": "#0"},
				"down": {"uv": [8.5, 0.75, 7, 1], "texture": "#0"}
			}
		},
		{
			"name": "top",
			"from": [5, 10, 5],
			"to": [11, 11, 11],
			"rotation": {"angle": 0, "axis": "y", "origin": [5, 10, 5]},
			"faces": {
				"north": {"uv": [6.5, 5.5, 8, 5.75], "texture": "#0"},
				"east": {"uv": [6.5, 5.75, 8, 6], "texture": "#0"},
				"south": {"uv": [6.5, 6, 8, 6.25], "texture": "#0"},
				"west": {"uv": [6.5, 6.25, 8, 6.5], "texture": "#0"},
				"up": {"uv": [1.5, 7, 0, 5.5], "texture": "#0"},
				"down": {"uv": [3, 5.5, 1.5, 7], "texture": "#0"}
			}
		},
		{
			"name": "trigger",
			"from": [9, 11, 6],
			"to": [10, 12, 7],
			"rotation": {"angle": 0, "axis": "y", "origin": [9, 11, 6]},
			"faces": {
				"north": {"uv": [7, 1, 7.25, 1.25], "texture": "#0"},
				"east": {"uv": [7, 1.25, 7.25, 1.5], "texture": "#0"},
				"south": {"uv": [1.5, 7, 1.75, 7.25], "texture": "#0"},
				"west": {"uv": [7, 1.5, 7.25, 1.75], "texture": "#0"},
				"up": {"uv": [2, 7.25, 1.75, 7], "texture": "#0"},
				"down": {"uv": [7.25, 1.75, 7, 2], "texture": "#0"}
			}
		}
	],
	"display": {
		"thirdperson_righthand": {
			"translation": [0, 3, 0],
			"scale": [0.375, 0.375, 0.375]
		},
		"thirdperson_lefthand": {
			"translation": [0, 3, 0],
			"scale": [0.375, 0.375, 0.375]
		},
		"firstperson_righthand": {
			"translation": [0, 4, 0],
			"scale": [0.375, 0.375, 0.375]
		},
		"firstperson_lefthand": {
			"translation": [0, 3, 0],
			"scale": [0.375, 0.375, 0.375]
		},
		"ground": {
			"translation": [0, 5, 0],
			"scale": [0.5, 0.5, 0.5]
		},
		"gui": {
			"rotation": [22.5, 45, 0],
			"translation": [0, 1, 0],
			"scale": [0.875, 0.875, 0.875]
		},
		"fixed": {
			"translation": [0, 0, -3],
			"scale": [0.875, 0.875, 0.875]
		}
	}
}