{
	"credit": "Made with Blockbench",
	"texture_size": [32, 32],
	"textures": {
		"0": "escape:item/first_aid_kit",
		"particle": "escape:item/first_aid_kit"
	},
	"elements": [
		{
			"name": "north",
			"from": [3, 1, 5],
			"to": [13, 7, 6],
			"rotation": {"angle": 0, "axis": "y", "origin": [3, 1, 5]},
			"faces": {
				"north": {"uv": [0, 0, 5, 3], "texture": "#0"},
				"east": {"uv": [4, 10.5, 4.5, 13.5], "texture": "#0"},
				"south": {"uv": [0, 3, 5, 6], "texture": "#0"},
				"west": {"uv": [4.5, 10.5, 5, 13.5], "texture": "#0"},
				"up": {"uv": [15, 7, 10, 6.5], "texture": "#0"},
				"down": {"uv": [15, 7, 10, 7.5], "texture": "#0"}
			}
		},
		{
			"name": "south",
			"from": [3, 1, 10],
			"to": [13, 7, 11],
			"rotation": {"angle": 0, "axis": "y", "origin": [3, 1, 10]},
			"faces": {
				"north": {"uv": [5, 0, 10, 3], "texture": "#0"},
				"east": {"uv": [7, 10.5, 7.5, 13.5], "texture": "#0"},
				"south": {"uv": [5, 3, 10, 6], "texture": "#0"},
				"west": {"uv": [7.5, 10.5, 8, 13.5], "texture": "#0"},
				"up": {"uv": [15, 9, 10, 8.5], "texture": "#0"},
				"down": {"uv": [14, 10, 9, 10.5], "texture": "#0"}
			}
		},
		{
			"name": "west",
			"from": [2, 1, 6],
			"to": [3, 7, 10],
			"rotation": {"angle": 0, "axis": "y", "origin": [2, 1, 6]},
			"faces": {
				"north": {"uv": [5, 10.5, 5.5, 13.5], "texture": "#0"},
				"east": {"uv": [0, 10, 2, 13], "texture": "#0"},
				"south": {"uv": [5.5, 10.5, 6, 13.5], "texture": "#0"},
				"west": {"uv": [10, 0, 12, 3], "texture": "#0"},
				"up": {"uv": [8.5, 13, 8, 11], "texture": "#0"},
				"down": {"uv": [9, 11, 8.5, 13], "texture": "#0"}
			}
		},
		{
			"name": "east",
			"from": [13, 1, 6],
			"to": [14, 7, 10],
			"rotation": {"angle": 0, "axis": "y", "origin": [13, 1, 6]},
			"faces": {
				"north": {"uv": [6, 10.5, 6.5, 13.5], "texture": "#0"},
				"east": {"uv": [2, 10, 4, 13], "texture": "#0"},
				"south": {"uv": [6.5, 10.5, 7, 13.5], "texture": "#0"},
				"west": {"uv": [10, 3, 12, 6], "texture": "#0"},
				"up": {"uv": [9.5, 13, 9, 11], "texture": "#0"},
				"down": {"uv": [10, 11, 9.5, 13], "texture": "#0"}
			}
		},
		{
			"name": "bottom",
			"from": [3, 0, 6],
			"to": [13, 1, 10],
			"rotation": {"angle": 0, "axis": "y", "origin": [3, 0, 6]},
			"faces": {
				"north": {"uv": [10, 7.5, 15, 8], "texture": "#0"},
				"east": {"uv": [8, 10.5, 10, 11], "texture": "#0"},
				"south": {"uv": [10, 8, 15, 8.5], "texture": "#0"},
				"west": {"uv": [10, 10.5, 12, 11], "texture": "#0"},
				"up": {"uv": [5, 10, 0, 8], "texture": "#0"},
				"down": {"uv": [10, 8, 5, 10], "texture": "#0"}
			}
		},
		{
			"name": "top",
			"from": [3, 7, 6],
			"to": [13, 8, 10],
			"rotation": {"angle": 0, "axis": "y", "origin": [3, 7, 6]},
			"faces": {
				"north": {"uv": [4, 10, 9, 10.5], "texture": "#0"},
				"east": {"uv": [10, 9, 12, 9.5], "texture": "#0"},
				"south": {"uv": [10, 6, 15, 6.5], "texture": "#0"},
				"west": {"uv": [10, 9.5, 12, 10], "texture": "#0"},
				"up": {"uv": [5, 8, 0, 6], "texture": "#0"},
				"down": {"uv": [10, 6, 5, 8], "texture": "#0"}
			}
		}
	],
	"display": {
		"thirdperson_righthand": {
			"translation": [0, 3, 0],
			"scale": [0.375, 0.375, 0.375]
		},
		"thirdperson_lefthand": {
			"translation": [0, 3, 0],
			"scale": [0.375, 0.375, 0.375]
		},
		"firstperson_righthand": {
			"translation": [0, 5, 0],
			"scale": [0.5, 0.5, 0.5]
		},
		"firstperson_lefthand": {
			"translation": [0, 5, 0],
			"scale": [0.5, 0.5, 0.5]
		},
		"ground": {
			"translation": [0, 5, 0],
			"scale": [0.75, 0.75, 0.75]
		},
		"gui": {
			"rotation": [22.5, 0, 0],
			"translation": [0, 3, 0]
		},
		"fixed": {
			"rotation": [0, 180, 0],
			"translation": [0, 4, -2]
		}
	}
}