{
	"credit": "Made with Blockbench",
	"textures": {
		"0": "escape:item/gun"
	},
	"elements": [
		{
			"name": "handle",
			"from": [4, 1.25, 7.5],
			"to": [5.5, 3.25, 8.5],
			"rotation": {"angle": -22.5, "axis": "z", "origin": [4, 1.25, 8]},
			"faces": {
				"north": {"uv": [6, 0, 7.5, 2], "texture": "#0"},
				"east": {"uv": [6, 2, 7, 4], "texture": "#0"},
				"south": {"uv": [2, 6, 3.5, 8], "texture": "#0"},
				"west": {"uv": [8, 3, 9, 5], "texture": "#0"},
				"up": {"uv": [10.5, 5, 9, 4], "texture": "#0"},
				"down": {"uv": [10.5, 6, 9, 7], "texture": "#0"}
			}
		},
		{
			"name": "magazine",
			"from": [9, -0.25, 7.5],
			"to": [10.5, 2.75, 8.5],
			"rotation": {"angle": 22.5, "axis": "z", "origin": [9, 0.25, 8]},
			"faces": {
				"north": {"uv": [5, 4, 6.5, 7], "texture": "#0"},
				"east": {"uv": [4, 6, 5, 9], "texture": "#0"},
				"south": {"uv": [0, 6, 1.5, 9], "texture": "#0"},
				"west": {"uv": [7, 2, 8, 5], "texture": "#0"},
				"up": {"uv": [10.5, 10, 9, 9], "texture": "#0"},
				"down": {"uv": [1.5, 10, 0, 11], "texture": "#0"}
			}
		},
		{
			"name": "gunstock",
			"from": [3.5, 2.5, 7.5],
			"to": [4.5, 4, 8.5],
			"rotation": {"angle": 0, "axis": "z", "origin": [3.5, 3, 8]},
			"faces": {
				"north": {"uv": [9, 10, 10, 11.5], "texture": "#0"},
				"east": {"uv": [10, 10, 11, 11.5], "texture": "#0"},
				"south": {"uv": [0, 11, 1, 12.5], "texture": "#0"},
				"west": {"uv": [11, 0, 12, 1.5], "texture": "#0"},
				"up": {"uv": [2, 13, 1, 12], "texture": "#0"},
				"down": {"uv": [13, 1, 12, 2], "texture": "#0"}
			}
		},
		{
			"name": "gunstock",
			"from": [2.5, 2.25, 7.5],
			"to": [3.5, 4.25, 8.5],
			"rotation": {"angle": 0, "axis": "y", "origin": [2.5, 2.75, 8]},
			"faces": {
				"north": {"uv": [4, 9, 5, 11], "texture": "#0"},
				"east": {"uv": [6, 9, 7, 11], "texture": "#0"},
				"south": {"uv": [7, 9, 8, 11], "texture": "#0"},
				"west": {"uv": [8, 9, 9, 11], "texture": "#0"},
				"up": {"uv": [3, 13, 2, 12], "texture": "#0"},
				"down": {"uv": [13, 2, 12, 3], "texture": "#0"}
			}
		},
		{
			"name": "gunstock",
			"from": [1.5, 2, 7.5],
			"to": [2.5, 4.5, 8.5],
			"rotation": {"angle": 0, "axis": "y", "origin": [1.5, 2.5, 8]},
			"faces": {
				"north": {"uv": [8, 0, 9, 2.5], "texture": "#0"},
				"east": {"uv": [2, 8, 3, 10.5], "texture": "#0"},
				"south": {"uv": [3, 8, 4, 10.5], "texture": "#0"},
				"west": {"uv": [5, 8, 6, 10.5], "texture": "#0"},
				"up": {"uv": [4, 13, 3, 12], "texture": "#0"},
				"down": {"uv": [13, 3, 12, 4], "texture": "#0"}
			}
		},
		{
			"name": "backward",
			"from": [6.125, 1.5, 7.75],
			"to": [6.225, 2.5, 8.25],
			"rotation": {"angle": 0, "axis": "z", "origin": [6, 1.5, 8.25]},
			"faces": {
				"north": {"uv": [12, 5, 12.5, 6], "texture": "#0"},
				"east": {"uv": [6, 12, 6.5, 13], "texture": "#0"},
				"south": {"uv": [12, 6, 12.5, 7], "texture": "#0"},
				"west": {"uv": [7, 12, 7.5, 13], "texture": "#0"},
				"up": {"uv": [13.5, 7.5, 13, 7], "texture": "#0"},
				"down": {"uv": [8.5, 13, 8, 13.5], "texture": "#0"}
			}
		},
		{
			"name": "under",
			"from": [6.125, 1.5, 7.75],
			"to": [7.125, 1.6, 8.25],
			"rotation": {"angle": 0, "axis": "y", "origin": [6, 1.5, 8.25]},
			"faces": {
				"north": {"uv": [12, 7, 13, 7.5], "texture": "#0"},
				"east": {"uv": [13, 8, 13.5, 8.5], "texture": "#0"},
				"south": {"uv": [8, 12, 9, 12.5], "texture": "#0"},
				"west": {"uv": [9, 13, 9.5, 13.5], "texture": "#0"},
				"up": {"uv": [13, 8.5, 12, 8], "texture": "#0"},
				"down": {"uv": [10, 12, 9, 12.5], "texture": "#0"}
			}
		},
		{
			"name": "forward",
			"from": [7.125, 1.5, 7.75],
			"to": [7.225, 2.5, 8.25],
			"rotation": {"angle": 0, "axis": "y", "origin": [7, 1.5, 8.25]},
			"faces": {
				"north": {"uv": [10, 12, 10.5, 13], "texture": "#0"},
				"east": {"uv": [11, 12, 11.5, 13], "texture": "#0"},
				"south": {"uv": [12, 12, 12.5, 13], "texture": "#0"},
				"west": {"uv": [0, 13, 0.5, 14], "texture": "#0"},
				"up": {"uv": [13.5, 9.5, 13, 9], "texture": "#0"},
				"down": {"uv": [10.5, 13, 10, 13.5], "texture": "#0"}
			}
		},
		{
			"name": "trigger",
			"from": [6.75, 1.75, 7.75],
			"to": [6.85, 2.5, 8.25],
			"rotation": {"angle": 22.5, "axis": "z", "origin": [6.5, 1.75, 8.25]},
			"faces": {
				"north": {"uv": [1, 13, 1.5, 14], "texture": "#0"},
				"east": {"uv": [13, 1, 13.5, 2], "texture": "#0"},
				"south": {"uv": [2, 13, 2.5, 14], "texture": "#0"},
				"west": {"uv": [13, 2, 13.5, 3], "texture": "#0"},
				"up": {"uv": [13.5, 10.5, 13, 10], "texture": "#0"},
				"down": {"uv": [11.5, 13, 11, 13.5], "texture": "#0"}
			}
		},
		{
			"name": "under",
			"from": [4.375, 2.5, 7.5],
			"to": [10.375, 3.5, 8.5],
			"rotation": {"angle": 0, "axis": "y", "origin": [4.25, 2.5, 8]},
			"faces": {
				"north": {"uv": [0, 0, 6, 1], "texture": "#0"},
				"east": {"uv": [1, 11, 2, 12], "texture": "#0"},
				"south": {"uv": [0, 1, 6, 2], "texture": "#0"},
				"west": {"uv": [2, 11, 3, 12], "texture": "#0"},
				"up": {"uv": [6, 3, 0, 2], "texture": "#0"},
				"down": {"uv": [6, 3, 0, 4], "texture": "#0"}
			}
		},
		{
			"name": "upper",
			"from": [4.875, 3.5, 7.5],
			"to": [9.875, 4, 8.5],
			"rotation": {"angle": 0, "axis": "y", "origin": [4.75, 3.5, 8]},
			"faces": {
				"north": {"uv": [5, 7, 10, 7.5], "texture": "#0"},
				"east": {"uv": [3, 13, 4, 13.5], "texture": "#0"},
				"south": {"uv": [7, 5, 12, 5.5], "texture": "#0"},
				"west": {"uv": [13, 3, 14, 3.5], "texture": "#0"},
				"up": {"uv": [5, 5, 0, 4], "texture": "#0"},
				"down": {"uv": [5, 5, 0, 6], "texture": "#0"}
			}
		},
		{
			"name": "sub",
			"from": [9.875, 3.5, 7.5],
			"to": [10.875, 4.25, 8.5],
			"rotation": {"angle": 0, "axis": "y", "origin": [9.75, 3.5, 8]},
			"faces": {
				"north": {"uv": [11, 2, 12, 3], "texture": "#0"},
				"east": {"uv": [3, 11, 4, 12], "texture": "#0"},
				"south": {"uv": [11, 3, 12, 4], "texture": "#0"},
				"west": {"uv": [4, 11, 5, 12], "texture": "#0"},
				"up": {"uv": [12, 5, 11, 4], "texture": "#0"},
				"down": {"uv": [6, 11, 5, 12], "texture": "#0"}
			}
		},
		{
			"name": "sub",
			"from": [10.875, 3.5, 7.5],
			"to": [12.375, 4, 8.5],
			"rotation": {"angle": 0, "axis": "y", "origin": [10.75, 3.5, 8]},
			"faces": {
				"north": {"uv": [4, 12, 5.5, 12.5], "texture": "#0"},
				"east": {"uv": [4, 13, 5, 13.5], "texture": "#0"},
				"south": {"uv": [12, 4, 13.5, 4.5], "texture": "#0"},
				"west": {"uv": [5, 13, 6, 13.5], "texture": "#0"},
				"up": {"uv": [11.5, 8, 10, 7], "texture": "#0"},
				"down": {"uv": [11.5, 8, 10, 9], "texture": "#0"}
			}
		},
		{
			"name": "sub",
			"from": [10.375, 2.5, 7.5],
			"to": [12.375, 3.5, 8.5],
			"rotation": {"angle": 0, "axis": "y", "origin": [10.25, 2.5, 8]},
			"faces": {
				"north": {"uv": [4, 12, 5.5, 12.5], "texture": "#0"},
				"east": {"uv": [4, 13, 5, 13.5], "texture": "#0"},
				"south": {"uv": [12, 4, 13.5, 4.5], "texture": "#0"},
				"west": {"uv": [5, 13, 6, 13.5], "texture": "#0"},
				"up": {"uv": [11.5, 8, 10, 7], "texture": "#0"},
				"down": {"uv": [11.5, 8, 10, 9], "texture": "#0"}
			}
		},
		{
			"name": "sub",
			"from": [12.375, 3.5, 7.8],
			"to": [13.375, 3.875, 8.175],
			"rotation": {"angle": 0, "axis": "y", "origin": [12.25, 3.5, 8.5]},
			"faces": {
				"north": {"uv": [13, 5, 14, 5.5], "texture": "#0"},
				"east": {"uv": [13, 11, 13.5, 11.5], "texture": "#0"},
				"south": {"uv": [6, 13, 7, 13.5], "texture": "#0"},
				"west": {"uv": [12, 13, 12.5, 13.5], "texture": "#0"},
				"up": {"uv": [14, 6.5, 13, 6], "texture": "#0"},
				"down": {"uv": [8, 13, 7, 13.5], "texture": "#0"}
			}
		},
		{
			"name": "sub",
			"from": [12.375, 3, 7.875],
			"to": [14.375, 3.25, 8.125],
			"rotation": {"angle": 0, "axis": "y", "origin": [12.25, 3, 8.5]},
			"faces": {
				"north": {"uv": [11, 9, 13, 9.5], "texture": "#0"},
				"east": {"uv": [13, 12, 13.5, 12.5], "texture": "#0"},
				"south": {"uv": [11, 10, 13, 10.5], "texture": "#0"},
				"west": {"uv": [13, 13, 13.5, 13.5], "texture": "#0"},
				"up": {"uv": [13, 11.5, 11, 11], "texture": "#0"},
				"down": {"uv": [14, 0, 12, 0.5], "texture": "#0"}
			}
		},
		{
			"name": "sub",
			"from": [12.875, 3, 7.875],
			"to": [13.375, 3.375, 8.25],
			"rotation": {"angle": 0, "axis": "y", "origin": [12.75, 3, 8.5]},
			"faces": {
				"north": {"uv": [0, 14, 0.5, 14.5], "texture": "#0"},
				"east": {"uv": [14, 0, 14.5, 0.5], "texture": "#0"},
				"south": {"uv": [1, 14, 1.5, 14.5], "texture": "#0"},
				"west": {"uv": [14, 1, 14.5, 1.5], "texture": "#0"},
				"up": {"uv": [2.5, 14.5, 2, 14], "texture": "#0"},
				"down": {"uv": [14.5, 2, 14, 2.5], "texture": "#0"}
			}
		},
		{
			"name": "sub",
			"from": [13.875, 3, 7.875],
			"to": [14.375, 3.3, 8.175],
			"rotation": {"angle": 0, "axis": "y", "origin": [13.75, 3, 8.5]},
			"faces": {
				"north": {"uv": [3, 14, 3.5, 14.5], "texture": "#0"},
				"east": {"uv": [14, 3, 14.5, 3.5], "texture": "#0"},
				"south": {"uv": [4, 14, 4.5, 14.5], "texture": "#0"},
				"west": {"uv": [14, 4, 14.5, 4.5], "texture": "#0"},
				"up": {"uv": [5.5, 14.5, 5, 14], "texture": "#0"},
				"down": {"uv": [14.5, 5, 14, 5.5], "texture": "#0"}
			}
		}
	],
	"display": {
		"thirdperson_righthand": {
			"rotation": [0, 90, 0],
			"translation": [0, 7.5, -1]
		},
		"thirdperson_lefthand": {
			"rotation": [0, -90, 0],
			"translation": [0, 7.5, -1]
		},
		"firstperson_righthand": {
			"rotation": [0, 90, 0],
			"translation": [3, 10, -10],
			"scale": [2, 2, 2]
		},
		"firstperson_lefthand": {
			"rotation": [0, -90, 0],
			"translation": [3, 10, -10],
			"scale": [2, 2, 2]
		},
		"ground": {
			"translation": [0, 5, 0]
		},
		"gui": {
			"rotation": [22.5, 45, 0],
			"translation": [0.5, 7.5, 0],
			"scale": [1.5, 1.5, 1.5]
		},
		"fixed": {
			"translation": [0, 10, -0.5],
			"scale": [2, 2, 2]
		}
	},
	"groups": [
		0,
		1,
		2,
		3,
		4,
		{
			"name": "lock",
			"origin": [9, 0, 8],
			"color": 0,
			"children": [5, 6, 7, 8]
		},
		{
			"name": "main",
			"origin": [10.25, 2.75, 8],
			"color": 0,
			"children": [9, 10, 11, 12, 13, 14, 15, 16, 17]
		}
	]
}