{
	"credit": "Made with Blockbench",
	"texture_size": [32, 32],
	"textures": {
		"0": "escape:item/bandage",
		"1": "escape:item/med_kit",
		"2": "escape:item/painkiller",
		"particle": "escape:item/med_kit"
	},
	"elements": [
		{
			"name": "east",
			"from": [12.375, 1, 0.5],
			"to": [16.375, 7, 0.75],
			"rotation": {"angle": -22.5, "axis": "y", "origin": [0.5, 1, 0.25]},
			"faces": {
				"north": {"uv": [2.25, 1.25, 2.75, 1.75], "texture": "#1"},
				"east": {"uv": [3.25, 1.25, 3.75, 1.75], "texture": "#1"},
				"south": {"uv": [4.25, 1.25, 4.75, 1.75], "texture": "#1"},
				"west": {"uv": [5.25, 1.25, 5.75, 1.75], "texture": "#1"},
				"up": {"uv": [6.25, 1.25, 6.75, 1.75], "texture": "#1"},
				"down": {"uv": [7.25, 1.25, 7.75, 1.75], "texture": "#1"}
			}
		},
		{
			"name": "east",
			"from": [12.375, 1, 0.5],
			"to": [12.625, 7, 1.5],
			"rotation": {"angle": -22.5, "axis": "y", "origin": [0.5, 1, 0.25]},
			"faces": {
				"north": {"uv": [2.25, 1.25, 2.75, 1.75], "texture": "#1"},
				"east": {"uv": [3.25, 1.25, 3.75, 1.75], "texture": "#1"},
				"south": {"uv": [4.25, 1.25, 4.75, 1.75], "texture": "#1"},
				"west": {"uv": [5.25, 1.25, 5.75, 1.75], "texture": "#1"},
				"up": {"uv": [6.25, 1.25, 6.75, 1.75], "texture": "#1"},
				"down": {"uv": [7.25, 1.25, 7.75, 1.75], "texture": "#1"}
			}
		},
		{
			"name": "east",
			"from": [16.125, 1, 0.5],
			"to": [16.375, 7, 1.5],
			"rotation": {"angle": -22.5, "axis": "y", "origin": [0.5, 1, 0.25]},
			"faces": {
				"north": {"uv": [2.25, 1.25, 2.75, 1.75], "texture": "#1"},
				"east": {"uv": [3.25, 1.25, 3.75, 1.75], "texture": "#1"},
				"south": {"uv": [4.25, 1.25, 4.75, 1.75], "texture": "#1"},
				"west": {"uv": [5.25, 1.25, 5.75, 1.75], "texture": "#1"},
				"up": {"uv": [6.25, 1.25, 6.75, 1.75], "texture": "#1"},
				"down": {"uv": [7.25, 1.25, 7.75, 1.75], "texture": "#1"}
			}
		},
		{
			"name": "east",
			"from": [12.375, 6.75, 0.5],
			"to": [16.375, 7, 1.5],
			"rotation": {"angle": -22.5, "axis": "y", "origin": [0.5, 1, 0.25]},
			"faces": {
				"north": {"uv": [2.25, 1.25, 2.75, 1.75], "texture": "#1"},
				"east": {"uv": [3.25, 1.25, 3.75, 1.75], "texture": "#1"},
				"south": {"uv": [4.25, 1.25, 4.75, 1.75], "texture": "#1"},
				"west": {"uv": [5.25, 1.25, 5.75, 1.75], "texture": "#1"},
				"up": {"uv": [6.25, 1.25, 6.75, 1.75], "texture": "#1"},
				"down": {"uv": [7.25, 1.25, 7.75, 1.75], "texture": "#1"}
			}
		},
		{
			"name": "east",
			"from": [12.375, 1, 0.5],
			"to": [16.375, 1.25, 1.5],
			"rotation": {"angle": -22.5, "axis": "y", "origin": [0.5, 1, 0.25]},
			"faces": {
				"north": {"uv": [2.25, 1.25, 2.75, 1.75], "texture": "#1"},
				"east": {"uv": [3.25, 1.25, 3.75, 1.75], "texture": "#1"},
				"south": {"uv": [4.25, 1.25, 4.75, 1.75], "texture": "#1"},
				"west": {"uv": [5.25, 1.25, 5.75, 1.75], "texture": "#1"},
				"up": {"uv": [6.25, 1.25, 6.75, 1.75], "texture": "#1"},
				"down": {"uv": [7.25, 1.25, 7.75, 1.75], "texture": "#1"}
			}
		},
		{
			"name": "bottom",
			"from": [5, 0, 6],
			"to": [11, 0.25, 10],
			"rotation": {"angle": 0, "axis": "y", "origin": [5, 0, 6]},
			"faces": {
				"north": {"uv": [8.25, 1.25, 8.75, 1.75], "texture": "#1"},
				"east": {"uv": [9.25, 1.25, 9.75, 1.75], "texture": "#1"},
				"south": {"uv": [10.25, 1.25, 10.75, 1.75], "texture": "#1"},
				"west": {"uv": [11.25, 1.25, 11.75, 1.75], "texture": "#1"},
				"up": {"uv": [12.25, 1.25, 12.75, 1.75], "texture": "#1"},
				"down": {"uv": [13.25, 1.25, 13.75, 1.75], "texture": "#1"}
			}
		},
		{
			"name": "bottom",
			"from": [5, 0, 6],
			"to": [5.25, 1, 10],
			"rotation": {"angle": 0, "axis": "y", "origin": [5, 0, 6]},
			"faces": {
				"north": {"uv": [14.25, 1.25, 14.75, 1.75], "texture": "#1"},
				"east": {"uv": [15.25, 1.25, 15.75, 1.75], "texture": "#1"},
				"south": {"uv": [0.25, 2.25, 0.75, 2.75], "texture": "#1"},
				"west": {"uv": [1.25, 2.25, 1.75, 2.75], "texture": "#1"},
				"up": {"uv": [2.25, 2.25, 2.75, 2.75], "texture": "#1"},
				"down": {"uv": [3.25, 2.25, 3.75, 2.75], "texture": "#1"}
			}
		},
		{
			"name": "bottom",
			"from": [10.75, 0, 6],
			"to": [11, 1, 10],
			"rotation": {"angle": 0, "axis": "y", "origin": [10.75, 0, 6]},
			"faces": {
				"north": {"uv": [4.25, 2.25, 4.75, 2.75], "texture": "#1"},
				"east": {"uv": [5.25, 2.25, 5.75, 2.75], "texture": "#1"},
				"south": {"uv": [6.25, 2.25, 6.75, 2.75], "texture": "#1"},
				"west": {"uv": [7.25, 2.25, 7.75, 2.75], "texture": "#1"},
				"up": {"uv": [8.25, 2.25, 8.75, 2.75], "texture": "#1"},
				"down": {"uv": [9.25, 2.25, 9.75, 2.75], "texture": "#1"}
			}
		},
		{
			"name": "bottom",
			"from": [5, 0, 6],
			"to": [11, 1, 6.25],
			"rotation": {"angle": 0, "axis": "y", "origin": [10.75, 0, 6]},
			"faces": {
				"north": {"uv": [10.25, 2.25, 10.75, 2.75], "texture": "#1"},
				"east": {"uv": [11.25, 2.25, 11.75, 2.75], "texture": "#1"},
				"south": {"uv": [12.25, 2.25, 12.75, 2.75], "texture": "#1"},
				"west": {"uv": [13.25, 2.25, 13.75, 2.75], "texture": "#1"},
				"up": {"uv": [14.25, 2.25, 14.75, 2.75], "texture": "#1"},
				"down": {"uv": [15.25, 2.25, 15.75, 2.75], "texture": "#1"}
			}
		},
		{
			"name": "bottom",
			"from": [5, 0, 9.75],
			"to": [11, 1, 10],
			"rotation": {"angle": 0, "axis": "y", "origin": [10.75, 0, 9.75]},
			"faces": {
				"north": {"uv": [0.25, 0.25, 0.75, 0.75], "texture": "#1"},
				"east": {"uv": [1.25, 0.25, 1.75, 0.75], "texture": "#1"},
				"south": {"uv": [2.25, 0.25, 2.75, 0.75], "texture": "#1"},
				"west": {"uv": [3.25, 0.25, 3.75, 0.75], "texture": "#1"},
				"up": {"uv": [4.25, 0.25, 4.75, 0.75], "texture": "#1"},
				"down": {"uv": [5.25, 0.25, 5.75, 0.75], "texture": "#1"}
			}
		},
		{
			"name": "north",
			"from": [10.75, 1, 5],
			"to": [11, 7, 6],
			"rotation": {"angle": 0, "axis": "y", "origin": [5, 1, 5]},
			"faces": {
				"north": {"uv": [6.25, 0.25, 6.75, 0.75], "texture": "#1"},
				"east": {"uv": [7.25, 0.25, 7.75, 0.75], "texture": "#1"},
				"south": {"uv": [8.25, 0.25, 8.75, 0.75], "texture": "#1"},
				"west": {"uv": [9.25, 0.25, 9.75, 0.75], "texture": "#1"},
				"up": {"uv": [10.25, 0.25, 10.75, 0.75], "texture": "#1"},
				"down": {"uv": [11.25, 0.25, 11.75, 0.75], "texture": "#1"}
			}
		},
		{
			"name": "north",
			"from": [5, 1, 5],
			"to": [5.25, 7, 6],
			"rotation": {"angle": 0, "axis": "y", "origin": [5, 1, 5]},
			"faces": {
				"north": {"uv": [6.25, 0.25, 6.75, 0.75], "texture": "#1"},
				"east": {"uv": [7.25, 0.25, 7.75, 0.75], "texture": "#1"},
				"south": {"uv": [8.25, 0.25, 8.75, 0.75], "texture": "#1"},
				"west": {"uv": [9.25, 0.25, 9.75, 0.75], "texture": "#1"},
				"up": {"uv": [10.25, 0.25, 10.75, 0.75], "texture": "#1"},
				"down": {"uv": [11.25, 0.25, 11.75, 0.75], "texture": "#1"}
			}
		},
		{
			"name": "north",
			"from": [5, 1, 5],
			"to": [11, 1.25, 6],
			"rotation": {"angle": 0, "axis": "y", "origin": [5, 1, 5]},
			"faces": {
				"north": {"uv": [6.25, 0.25, 6.75, 0.75], "texture": "#1"},
				"east": {"uv": [7.25, 0.25, 7.75, 0.75], "texture": "#1"},
				"south": {"uv": [8.25, 0.25, 8.75, 0.75], "texture": "#1"},
				"west": {"uv": [9.25, 0.25, 9.75, 0.75], "texture": "#1"},
				"up": {"uv": [10.25, 0.25, 10.75, 0.75], "texture": "#1"},
				"down": {"uv": [11.25, 0.25, 11.75, 0.75], "texture": "#1"}
			}
		},
		{
			"name": "north",
			"from": [5, 6.75, 5],
			"to": [11, 7, 6],
			"rotation": {"angle": 0, "axis": "y", "origin": [5, 6.75, 5]},
			"faces": {
				"north": {"uv": [6.25, 0.25, 6.75, 0.75], "texture": "#1"},
				"east": {"uv": [7.25, 0.25, 7.75, 0.75], "texture": "#1"},
				"south": {"uv": [8.25, 0.25, 8.75, 0.75], "texture": "#1"},
				"west": {"uv": [9.25, 0.25, 9.75, 0.75], "texture": "#1"},
				"up": {"uv": [10.25, 0.25, 10.75, 0.75], "texture": "#1"},
				"down": {"uv": [11.25, 0.25, 11.75, 0.75], "texture": "#1"}
			}
		},
		{
			"name": "north",
			"from": [5, 1, 5],
			"to": [11, 7, 5.25],
			"rotation": {"angle": 0, "axis": "y", "origin": [5, 1, 5]},
			"faces": {
				"north": {"uv": [6.25, 0.25, 6.75, 0.75], "texture": "#1"},
				"east": {"uv": [7.25, 0.25, 7.75, 0.75], "texture": "#1"},
				"south": {"uv": [8.25, 0.25, 8.75, 0.75], "texture": "#1"},
				"west": {"uv": [9.25, 0.25, 9.75, 0.75], "texture": "#1"},
				"up": {"uv": [10.25, 0.25, 10.75, 0.75], "texture": "#1"},
				"down": {"uv": [11.25, 0.25, 11.75, 0.75], "texture": "#1"}
			}
		},
		{
			"name": "west",
			"from": [0.75, 6.75, 5.125],
			"to": [4.75, 7, 6.125],
			"rotation": {"angle": 22.5, "axis": "y", "origin": [4.5, 1, 5.25]},
			"faces": {
				"north": {"uv": [12.25, 0.25, 12.75, 0.75], "texture": "#1"},
				"east": {"uv": [13.25, 0.25, 13.75, 0.75], "texture": "#1"},
				"south": {"uv": [14.25, 0.25, 14.75, 0.75], "texture": "#1"},
				"west": {"uv": [15.25, 0.25, 15.75, 0.75], "texture": "#1"},
				"up": {"uv": [0.25, 1.25, 0.75, 1.75], "texture": "#1"},
				"down": {"uv": [1.25, 1.25, 1.75, 1.75], "texture": "#1"}
			}
		},
		{
			"name": "west",
			"from": [0.75, 1, 5.125],
			"to": [4.75, 1.25, 6.125],
			"rotation": {"angle": 22.5, "axis": "y", "origin": [4.5, 1, 5.25]},
			"faces": {
				"north": {"uv": [12.25, 0.25, 12.75, 0.75], "texture": "#1"},
				"east": {"uv": [13.25, 0.25, 13.75, 0.75], "texture": "#1"},
				"south": {"uv": [14.25, 0.25, 14.75, 0.75], "texture": "#1"},
				"west": {"uv": [15.25, 0.25, 15.75, 0.75], "texture": "#1"},
				"up": {"uv": [0.25, 1.25, 0.75, 1.75], "texture": "#1"},
				"down": {"uv": [1.25, 1.25, 1.75, 1.75], "texture": "#1"}
			}
		},
		{
			"name": "west",
			"from": [0.75, 1, 5.125],
			"to": [1, 7, 6.125],
			"rotation": {"angle": 22.5, "axis": "y", "origin": [4.5, 1, 5.25]},
			"faces": {
				"north": {"uv": [12.25, 0.25, 12.75, 0.75], "texture": "#1"},
				"east": {"uv": [13.25, 0.25, 13.75, 0.75], "texture": "#1"},
				"south": {"uv": [14.25, 0.25, 14.75, 0.75], "texture": "#1"},
				"west": {"uv": [15.25, 0.25, 15.75, 0.75], "texture": "#1"},
				"up": {"uv": [0.25, 1.25, 0.75, 1.75], "texture": "#1"},
				"down": {"uv": [1.25, 1.25, 1.75, 1.75], "texture": "#1"}
			}
		},
		{
			"name": "west",
			"from": [4.5, 1, 5.125],
			"to": [4.75, 7, 6.125],
			"rotation": {"angle": 22.5, "axis": "y", "origin": [4.5, 1, 5.25]},
			"faces": {
				"north": {"uv": [12.25, 0.25, 12.75, 0.75], "texture": "#1"},
				"east": {"uv": [13.25, 0.25, 13.75, 0.75], "texture": "#1"},
				"south": {"uv": [14.25, 0.25, 14.75, 0.75], "texture": "#1"},
				"west": {"uv": [15.25, 0.25, 15.75, 0.75], "texture": "#1"},
				"up": {"uv": [0.25, 1.25, 0.75, 1.75], "texture": "#1"},
				"down": {"uv": [1.25, 1.25, 1.75, 1.75], "texture": "#1"}
			}
		},
		{
			"name": "west",
			"from": [0.75, 1, 5.125],
			"to": [4.75, 7, 5.375],
			"rotation": {"angle": 22.5, "axis": "y", "origin": [4.5, 1, 5.25]},
			"faces": {
				"north": {"uv": [12.25, 0.25, 12.75, 0.75], "texture": "#1"},
				"east": {"uv": [13.25, 0.25, 13.75, 0.75], "texture": "#1"},
				"south": {"uv": [14.25, 0.25, 14.75, 0.75], "texture": "#1"},
				"west": {"uv": [15.25, 0.25, 15.75, 0.75], "texture": "#1"},
				"up": {"uv": [0.25, 1.25, 0.75, 1.75], "texture": "#1"},
				"down": {"uv": [1.25, 1.25, 1.75, 1.75], "texture": "#1"}
			}
		},
		{
			"name": "bandage",
			"from": [5.75, 0.5, 6.75],
			"to": [7.75, 1.5, 9.25],
			"rotation": {"angle": 0, "axis": "y", "origin": [5.75, 0.5, 8.75]},
			"faces": {
				"north": {"uv": [9, 3, 6, 0], "rotation": 180, "texture": "#0"},
				"east": {"uv": [3, 0, 6, 4], "rotation": 90, "texture": "#0"},
				"south": {"uv": [9, 3, 6, 6], "texture": "#0"},
				"west": {"uv": [3, 4, 6, 8], "rotation": 270, "texture": "#0"},
				"up": {"uv": [0, 4, 3, 8], "texture": "#0"},
				"down": {"uv": [0, 0, 3, 4], "rotation": 180, "texture": "#0"}
			}
		},
		{
			"name": "bandage",
			"from": [8.25, 0.5, 6.75],
			"to": [10.25, 1.5, 9.25],
			"rotation": {"angle": 0, "axis": "y", "origin": [8.25, 0.5, 8.75]},
			"faces": {
				"north": {"uv": [9, 3, 6, 0], "rotation": 180, "texture": "#0"},
				"east": {"uv": [3, 0, 6, 4], "rotation": 90, "texture": "#0"},
				"south": {"uv": [9, 3, 6, 6], "texture": "#0"},
				"west": {"uv": [3, 4, 6, 8], "rotation": 270, "texture": "#0"},
				"up": {"uv": [0, 4, 3, 8], "texture": "#0"},
				"down": {"uv": [0, 0, 3, 4], "rotation": 180, "texture": "#0"}
			}
		},
		{
			"name": "bandage",
			"from": [5.75, 2, 5.25],
			"to": [7.75, 4.5, 6.25],
			"rotation": {"angle": 0, "axis": "y", "origin": [5.75, 2.5, 5.25]},
			"faces": {
				"north": {"uv": [0, 0, 3, 4], "texture": "#0"},
				"east": {"uv": [3, 0, 6, 4], "texture": "#0"},
				"south": {"uv": [0, 4, 3, 8], "texture": "#0"},
				"west": {"uv": [3, 4, 6, 8], "texture": "#0"},
				"up": {"uv": [9, 3, 6, 0], "texture": "#0"},
				"down": {"uv": [9, 3, 6, 6], "texture": "#0"}
			}
		},
		{
			"name": "bandage",
			"from": [8.25, 2, 5.25],
			"to": [10.25, 4.5, 6.25],
			"rotation": {"angle": 0, "axis": "x", "origin": [8.25, 2.5, 5.25]},
			"faces": {
				"north": {"uv": [0, 0, 3, 4], "texture": "#0"},
				"east": {"uv": [3, 0, 6, 4], "texture": "#0"},
				"south": {"uv": [0, 4, 3, 8], "texture": "#0"},
				"west": {"uv": [3, 4, 6, 8], "texture": "#0"},
				"up": {"uv": [9, 3, 6, 0], "texture": "#0"},
				"down": {"uv": [9, 3, 6, 6], "texture": "#0"}
			}
		},
		{
			"name": "bottom",
			"from": [5.5, 5, 5.5],
			"to": [5.75, 6, 6.5],
			"rotation": {"angle": 0, "axis": "z", "origin": [5.5, 7, 7.5]},
			"faces": {
				"north": {"uv": [11, 2, 13, 2.5], "rotation": 270, "texture": "#2"},
				"east": {"uv": [10, 6, 8, 4], "rotation": 90, "texture": "#2"},
				"south": {"uv": [11, 3, 13, 3.5], "rotation": 90, "texture": "#2"},
				"west": {"uv": [10, 6, 8, 8], "rotation": 90, "texture": "#2"},
				"up": {"uv": [11, 3.5, 13, 4], "rotation": 90, "texture": "#2"},
				"down": {"uv": [11, 2.5, 13, 3], "rotation": 90, "texture": "#2"}
			}
		},
		{
			"name": "west",
			"from": [5.75, 6, 5.5],
			"to": [7.5, 6.25, 6.5],
			"rotation": {"angle": 0, "axis": "z", "origin": [4.75, 4, 7.5]},
			"faces": {
				"north": {"uv": [8, 8, 8.5, 14], "rotation": 270, "texture": "#2"},
				"east": {"uv": [11.5, 6, 11, 4], "rotation": 90, "texture": "#2"},
				"south": {"uv": [8.5, 8, 9, 14], "rotation": 90, "texture": "#2"},
				"west": {"uv": [11.5, 6, 11, 8], "rotation": 90, "texture": "#2"},
				"up": {"uv": [2, 0, 4, 6], "rotation": 90, "texture": "#2"},
				"down": {"uv": [0, 0, 2, 6], "rotation": 90, "texture": "#2"}
			}
		},
		{
			"name": "east",
			"from": [5.75, 4.75, 5.5],
			"to": [7.5, 5, 6.5],
			"rotation": {"angle": 0, "axis": "z", "origin": [4.75, 7.75, 7.5]},
			"faces": {
				"north": {"uv": [9, 8, 9.5, 14], "rotation": 270, "texture": "#2"},
				"east": {"uv": [11.5, 10, 11, 8], "rotation": 90, "texture": "#2"},
				"south": {"uv": [9.5, 8, 10, 14], "rotation": 90, "texture": "#2"},
				"west": {"uv": [11.5, 10, 11, 12], "rotation": 90, "texture": "#2"},
				"up": {"uv": [0, 6, 2, 12], "rotation": 90, "texture": "#2"},
				"down": {"uv": [4, 0, 6, 6], "rotation": 90, "texture": "#2"}
			}
		},
		{
			"name": "north",
			"from": [5.75, 5, 5.25],
			"to": [7.5, 6, 5.5],
			"rotation": {"angle": 0, "axis": "z", "origin": [4.75, 7, 8.25]},
			"faces": {
				"north": {"uv": [6, 0, 8, 6], "rotation": 270, "texture": "#2"},
				"east": {"uv": [13.5, 4.5, 11.5, 4], "rotation": 90, "texture": "#2"},
				"south": {"uv": [2, 6, 4, 12], "rotation": 90, "texture": "#2"},
				"west": {"uv": [13.5, 4.5, 11.5, 5], "rotation": 90, "texture": "#2"},
				"up": {"uv": [10, 6, 10.5, 12], "rotation": 90, "texture": "#2"},
				"down": {"uv": [10, 0, 10.5, 6], "rotation": 90, "texture": "#2"}
			}
		},
		{
			"name": "south",
			"from": [5.75, 5, 6.5],
			"to": [7.5, 6, 6.75],
			"rotation": {"angle": 0, "axis": "z", "origin": [4.75, 7, 4.5]},
			"faces": {
				"north": {"uv": [4, 6, 6, 12], "rotation": 270, "texture": "#2"},
				"east": {"uv": [13.5, 5.5, 11.5, 5], "rotation": 90, "texture": "#2"},
				"south": {"uv": [6, 6, 8, 12], "rotation": 90, "texture": "#2"},
				"west": {"uv": [13.5, 5.5, 11.5, 6], "rotation": 90, "texture": "#2"},
				"up": {"uv": [10.5, 6, 11, 12], "rotation": 90, "texture": "#2"},
				"down": {"uv": [10.5, 0, 11, 6], "rotation": 90, "texture": "#2"}
			}
		},
		{
			"name": "top",
			"from": [7.5, 4.75, 5.25],
			"to": [7.75, 6.25, 6.75],
			"rotation": {"angle": 0, "axis": "z", "origin": [-2.5, 7.75, 8.25]},
			"faces": {
				"north": {"uv": [11, 0, 13, 0.5], "rotation": 270, "texture": "#2"},
				"east": {"uv": [10, 2, 8, 0], "rotation": 90, "texture": "#2"},
				"south": {"uv": [11, 1, 13, 1.5], "rotation": 90, "texture": "#2"},
				"west": {"uv": [10, 2, 8, 4], "rotation": 90, "texture": "#2"},
				"up": {"uv": [11, 1.5, 13, 2], "rotation": 90, "texture": "#2"},
				"down": {"uv": [11, 0.5, 13, 1], "rotation": 90, "texture": "#2"}
			}
		},
		{
			"name": "top",
			"from": [7.75, 5, 5.5],
			"to": [8, 6, 6.5],
			"rotation": {"angle": 0, "axis": "y", "origin": [-2.25, 8, 8.5]},
			"faces": {
				"north": {"uv": [11, 0, 13, 0.5], "rotation": 270, "texture": "#2"},
				"east": {"uv": [10, 2, 8, 0], "rotation": 90, "texture": "#2"},
				"south": {"uv": [11, 1, 13, 1.5], "rotation": 90, "texture": "#2"},
				"west": {"uv": [10, 2, 8, 4], "rotation": 90, "texture": "#2"},
				"up": {"uv": [11, 1.5, 13, 2], "rotation": 90, "texture": "#2"},
				"down": {"uv": [11, 0.5, 13, 1], "rotation": 90, "texture": "#2"}
			}
		},
		{
			"name": "top",
			"from": [8, 5.25, 5.75],
			"to": [8.25, 5.75, 6.25],
			"rotation": {"angle": 0, "axis": "y", "origin": [-2, 8.25, 8.75]},
			"faces": {
				"north": {"uv": [11, 0, 13, 0.5], "rotation": 270, "texture": "#2"},
				"east": {"uv": [10, 2, 8, 0], "rotation": 90, "texture": "#2"},
				"south": {"uv": [11, 1, 13, 1.5], "rotation": 90, "texture": "#2"},
				"west": {"uv": [10, 2, 8, 4], "rotation": 90, "texture": "#2"},
				"up": {"uv": [11, 1.5, 13, 2], "rotation": 90, "texture": "#2"},
				"down": {"uv": [11, 0.5, 13, 1], "rotation": 90, "texture": "#2"}
			}
		}
	],
	"display": {
		"thirdperson_righthand": {
			"translation": [0, 4, 0],
			"scale": [0.5, 0.5, 0.5]
		},
		"thirdperson_lefthand": {
			"translation": [0, 4, 0],
			"scale": [0.5, 0.5, 0.5]
		},
		"firstperson_righthand": {
			"translation": [0, 5, 0],
			"scale": [0.5, 0.5, 0.5]
		},
		"firstperson_lefthand": {
			"translation": [0, 5, 0],
			"scale": [0.5, 0.5, 0.5]
		},
		"ground": {
			"translation": [0, 5, 0]
		},
		"gui": {
			"rotation": [22.5, 0, 0],
			"translation": [0, 3, 0]
		},
		"fixed": {
			"rotation": [0, 180, 0],
			"translation": [0, 4, -2]
		}
	},
	"groups": [
		{
			"name": "shell",
			"origin": [8, 8, 8],
			"color": 0,
			"children": [
				{
					"name": "east",
					"origin": [0.5, 1, 0.25],
					"color": 0,
					"children": [0, 1, 2, 3, 4]
				},
				{
					"name": "bottom",
					"origin": [8, 8, 8],
					"color": 0,
					"children": [5, 6, 7, 8, 9]
				},
				{
					"name": "north",
					"origin": [8, 8, 8],
					"color": 0,
					"children": [10, 11, 12, 13, 14]
				},
				{
					"name": "west",
					"origin": [8, 8, 8],
					"color": 0,
					"children": [15, 16, 17, 18, 19]
				}
			]
		},
		{
			"name": "bandage",
			"origin": [5, 0, 5],
			"color": 0,
			"children": [20]
		},
		{
			"name": "bandage",
			"origin": [5, 0, 5],
			"color": 0,
			"children": [21]
		},
		{
			"name": "bandage",
			"origin": [5, 0, 5],
			"color": 0,
			"children": [22]
		},
		{
			"name": "bandage",
			"origin": [5, 0, 5],
			"color": 0,
			"children": [23]
		},
		{
			"name": "painkiller",
			"origin": [6, 0, 6],
			"color": 0,
			"children": [24, 25, 26, 27, 28, 29, 30, 31]
		}
	]
}