{
	"credit": "Made with Blockbench",
	"texture_size": [32, 32],
	"textures": {
		"0": "escape:item/painkiller",
		"particle": "escape:item/painkiller"
	},
	"elements": [
		{
			"name": "bottom",
			"from": [6, 0, 6],
			"to": [10, 1, 10],
			"rotation": {"angle": 0, "axis": "y", "origin": [6, 0, 6]},
			"faces": {
				"north": {"uv": [11, 2, 13, 2.5], "texture": "#0"},
				"east": {"uv": [11, 2.5, 13, 3], "texture": "#0"},
				"south": {"uv": [11, 3, 13, 3.5], "texture": "#0"},
				"west": {"uv": [11, 3.5, 13, 4], "texture": "#0"},
				"up": {"uv": [10, 6, 8, 4], "texture": "#0"},
				"down": {"uv": [10, 6, 8, 8], "texture": "#0"}
			}
		},
		{
			"name": "west",
			"from": [5, 1, 6],
			"to": [6, 10, 10],
			"rotation": {"angle": 0, "axis": "y", "origin": [5, 1, 6]},
			"faces": {
				"north": {"uv": [8, 8, 8.5, 14], "texture": "#0"},
				"east": {"uv": [0, 0, 2, 6], "texture": "#0"},
				"south": {"uv": [8.5, 8, 9, 14], "texture": "#0"},
				"west": {"uv": [2, 0, 4, 6], "texture": "#0"},
				"up": {"uv": [11.5, 6, 11, 4], "texture": "#0"},
				"down": {"uv": [11.5, 6, 11, 8], "texture": "#0"}
			}
		},
		{
			"name": "east",
			"from": [10, 1, 6],
			"to": [11, 10, 10],
			"rotation": {"angle": 0, "axis": "y", "origin": [10, 1, 6]},
			"faces": {
				"north": {"uv": [9, 8, 9.5, 14], "texture": "#0"},
				"east": {"uv": [4, 0, 6, 6], "texture": "#0"},
				"south": {"uv": [9.5, 8, 10, 14], "texture": "#0"},
				"west": {"uv": [0, 6, 2, 12], "texture": "#0"},
				"up": {"uv": [11.5, 10, 11, 8], "texture": "#0"},
				"down": {"uv": [11.5, 10, 11, 12], "texture": "#0"}
			}
		},
		{
			"name": "north",
			"from": [6, 1, 5],
			"to": [10, 10, 6],
			"rotation": {"angle": 0, "axis": "y", "origin": [6, 1, 5]},
			"faces": {
				"north": {"uv": [6, 0, 8, 6], "texture": "#0"},
				"east": {"uv": [10, 0, 10.5, 6], "texture": "#0"},
				"south": {"uv": [2, 6, 4, 12], "texture": "#0"},
				"west": {"uv": [10, 6, 10.5, 12], "texture": "#0"},
				"up": {"uv": [13.5, 4.5, 11.5, 4], "texture": "#0"},
				"down": {"uv": [13.5, 4.5, 11.5, 5], "texture": "#0"}
			}
		},
		{
			"name": "south",
			"from": [6, 1, 10],
			"to": [10, 10, 11],
			"rotation": {"angle": 0, "axis": "y", "origin": [6, 1, 10]},
			"faces": {
				"north": {"uv": [4, 6, 6, 12], "texture": "#0"},
				"east": {"uv": [10.5, 0, 11, 6], "texture": "#0"},
				"south": {"uv": [6, 6, 8, 12], "texture": "#0"},
				"west": {"uv": [10.5, 6, 11, 12], "texture": "#0"},
				"up": {"uv": [13.5, 5.5, 11.5, 5], "texture": "#0"},
				"down": {"uv": [13.5, 5.5, 11.5, 6], "texture": "#0"}
			}
		},
		{
			"name": "top",
			"from": [5, 10, 5],
			"to": [11, 11, 11],
			"rotation": {"angle": 0, "axis": "y", "origin": [5, 10, 5]},
			"faces": {
				"north": {"uv": [11, 0, 13, 0.5], "texture": "#0"},
				"east": {"uv": [11, 0.5, 13, 1], "texture": "#0"},
				"south": {"uv": [11, 1, 13, 1.5], "texture": "#0"},
				"west": {"uv": [11, 1.5, 13, 2], "texture": "#0"},
				"up": {"uv": [10, 2, 8, 0], "texture": "#0"},
				"down": {"uv": [10, 2, 8, 4], "texture": "#0"}
			}
		},
		{
			"name": "top",
			"from": [5.5, 11, 5.5],
			"to": [10.5, 12, 10.5],
			"rotation": {"angle": 0, "axis": "y", "origin": [5.5, 11, 5.5]},
			"faces": {
				"north": {"uv": [11, 0, 13, 0.5], "texture": "#0"},
				"east": {"uv": [11, 0.5, 13, 1], "texture": "#0"},
				"south": {"uv": [11, 1, 13, 1.5], "texture": "#0"},
				"west": {"uv": [11, 1.5, 13, 2], "texture": "#0"},
				"up": {"uv": [10, 2, 8, 0], "texture": "#0"},
				"down": {"uv": [10, 2, 8, 4], "texture": "#0"}
			}
		},
		{
			"name": "top",
			"from": [6, 12, 6],
			"to": [10, 13, 10],
			"rotation": {"angle": 0, "axis": "y", "origin": [6, 12, 6]},
			"faces": {
				"north": {"uv": [11, 0, 13, 0.5], "texture": "#0"},
				"east": {"uv": [11, 0.5, 13, 1], "texture": "#0"},
				"south": {"uv": [11, 1, 13, 1.5], "texture": "#0"},
				"west": {"uv": [11, 1.5, 13, 2], "texture": "#0"},
				"up": {"uv": [10, 2, 8, 0], "texture": "#0"},
				"down": {"uv": [10, 2, 8, 4], "texture": "#0"}
			}
		}
	],
	"display": {
		"thirdperson_righthand": {
			"translation": [0, 3, 0],
			"scale": [0.375, 0.375, 0.375]
		},
		"thirdperson_lefthand": {
			"translation": [0, 3, 0],
			"scale": [0.375, 0.375, 0.375]
		},
		"firstperson_righthand": {
			"translation": [0, 4, 0],
			"scale": [0.375, 0.375, 0.375]
		},
		"firstperson_lefthand": {
			"translation": [0, 3, 0],
			"scale": [0.375, 0.375, 0.375]
		},
		"ground": {
			"translation": [0, 5, 0],
			"scale": [0.5, 0.5, 0.5]
		},
		"gui": {
			"rotation": [22.5, 45, 0],
			"translation": [0, 1, 0],
			"scale": [0.875, 0.875, 0.875]
		},
		"fixed": {
			"translation": [0, 0, -2],
			"scale": [0.875, 0.875, 0.875]
		}
	}
}